"Variable","Cat","N","b","sig","lb","ub","ano","t","P"
"Element","N","(8/78)",-2.55046235018999,"",-3.31852509400573,-1.78239960637426,"a",-0.90140202522131,0.370185
"Element","P","(5/54)",-2.42942340188572,"",-3.25785487823555,-1.6009919255359,"a",-0.549353019968284,0.585071
"Element","Others","(5/206)",-2.48980683286706,"",-3.25068118777207,-1.72893247796204,"a",-0.753673296595098,0.45191
